arrow-left",1
"arrow-right",1
"arrow-right",3
"arrow-white",1
"arrow-white-v2",1
"bg-body",1
"bg-corners",1
"bg-footer-holder",1
"bg-top-block",1
"bg-top-block-small",1
"btn-send",1
"btn-sprites2",1
"cam_notice_background_logo",4
"divider-01",1
"following-hover",3
"following-off-hover",3
"following-off",3
"following-update",1
"green_button_bg",1
"grey_background",1
"ico-01",3
"ico-blank",3
"ico-cams",3
"ico-couple",3
"ico-error",1
"ico-female",3
"ico-logout",1
"ico-male",3
"icon-close-off",1
"icon-close-on",1
"icon-email",1
"icon-ignore",1
"ico-smile",1
"ico-tip3",1
"ico-trans",3
"logo-standard",3
"multimediallc",3
"none",1
"overlay_black",3
"resize_arrows",1
"resize",1
"terms-address-US",3
"thumb_sprites",3